"SS","Pos10wrtsRNAStart","DistTerm","Distance","sameStrand","DownDistance","sameDownStrand","ID","Class"
1.20863253620794,0.264991560817775,0.725308957074082,0.208086001731362,0,-0.193429079067621,0,"Spy_sRNA924338",TRUE
1.20863253620794,0.475683204652755,-1.12592416572264,0.208086001731362,0,-0.193429079067621,0,"Spy_sRNA728180",TRUE
1.20863253620794,0.370337382735265,0.0409435207210376,0.208086001731362,0,-0.193429079067621,0,"Spy_sRNA1032107",TRUE
1.20863253620794,0.355637965723522,-0.978219395286734,0.208086001731362,0,-0.193429079067621,0,"Spy_sRNA1063616",TRUE
1.1787285556673,0.272341269323646,-1.29824639789787,0.208086001731362,0,-0.193429079067621,0,"Spy_sRNA1167444",TRUE
1.20863253620794,0.338488645876489,-1.73643721685773,-0.328450711438968,0,-0.0538731867220587,0,"Spy_sRNA542268",TRUE
1.20863253620794,0.323789228864746,-1.73643721685773,-0.179707860263035,0,2.22403912059583,0,"Spy_sRNA1774740",TRUE
-3.10608465608328,1.08325910780479,-1.73643721685773,-0.208925206029736,0,-0.193429079067621,1,"RyeF",TRUE
0.760072828098452,-1.93012137960248,0.725308957074082,-0.875611913979008,1,0.445826943934633,1,"sRNA01140",TRUE
0.755800830878362,0.431584953617526,-1.73643721685773,0.208086001731362,0,-0.166418261194286,1,"Spy_sRNA1718031",TRUE
0.747256836438181,0.507531941511531,-1.73643721685773,-0.161115003866043,1,-0.0538731867220587,1,"Spy_sRNA1571135",TRUE
0.73016884755782,0.458533884805721,-1.73643721685773,0.112465597403976,0,-0.150661950768175,1,"Spy_sRNA1222613",TRUE
0.73016884755782,0.507531941511531,-1.73643721685773,-0.702963961721229,1,-0.193429079067621,1,"STnc2040",TRUE
-3.87504415569954,1.01221192558137,0.205880514374469,0.208086001731362,1,0.12844983392295,1,"SsrS",TRUE
0.683176878136827,0.485482815993917,-1.69704927807482,-0.0362772537719568,1,0.168966060732952,1,"STnc400",TRUE
0.674632883696646,0.475683204652755,-1.43118069129019,0.0487186611857193,1,0.18247146966962,1,"Spy_sRNA544833",TRUE
0.674632883696646,0.360537771394103,-1.73643721685773,0.133714576143395,0,0.0406646758346126,0,"SraA",TRUE
-4.34069185268938,0.483032913158626,-1.73643721685773,-0.514379275408885,1,-0.182174571620398,0,"RyfA",TRUE
0.640456905935923,0.490382621664497,0.725308957074082,0.112465597403976,1,-0.139407443320952,0,"Spy_sRNA480642",TRUE
0.636184908715833,0.458533884805721,0.725308957074082,-0.153146636838761,0,-0.179923670130954,0,"STnc1600",TRUE
0.619096919835472,-1.93012137960248,0.725308957074082,-0.304545610357122,1,-0.0358659748065023,1,"sRNA01035",TRUE
0.619096919835472,0.485482815993917,-1.23424099737564,-1.92478023923782,0,-0.110145723958173,1,"IsrJ",TRUE
0.619096919835472,0.473233301817464,-1.73643721685773,-0.100024189990214,1,0.0294101683873898,0,"STnc440",TRUE
0.610552925395291,0.483032913158626,0.725308957074082,-0.716244573433366,1,0.112693523496838,0,"RybA",TRUE
0.602008930955111,0.495282427335078,-1.73643721685773,0.0141890707341634,1,-0.0493713837431696,1,"sRNA10",TRUE
0.602008930955111,0.620227471934892,0.725308957074082,-0.00971603034768297,1,0.0856827056235037,1,"STnc500",TRUE
0.584920942074749,0.60797795775844,-1.73643721685773,0.208086001731362,0,0.218485893500732,1,"STnc740",TRUE
0.576376947634569,0.473233301817464,-1.73643721685773,0.112465597403976,0,0.234242203926844,0,"Spy_sRNA1212757",TRUE
0.555016961534117,0.483032913158626,0.725308957074082,-0.0442456207992389,0,-0.0741313001270597,0,"IsrD",TRUE
0.533656975433666,0.527131164193854,-1.06191876520042,0.131058453800968,0,0.472837761807967,1,"Spy_sRNA477741",TRUE
0.533656975433666,0.370337382735265,-1.73643721685773,-0.0362772537719568,1,0.378299899251296,1,"InvR",TRUE
0.516568986553304,0.306639909017713,-1.73643721685773,0.120433964431259,0,0.391805308187963,0,"STnc150",TRUE
0.512296989333214,0.385036799747008,0.725308957074082,-0.0654945995386579,0,-0.116898428426506,1,"STnc470",TRUE
0.490937003232762,-1.93012137960248,-1.70935800894448,0.0805921292948479,0,-0.193429079067621,1,"sRNA00853",TRUE
0.486665006012672,0.50263213584095,-1.73643721685773,0.144339065513105,1,-0.0741313001270597,1,"sRNA1",TRUE
0.465305019912221,0.492832524499788,-1.73643721685773,0.18949314533437,1,-0.00210245246483395,1,"STnc870",TRUE
0.45676102547204,0.617777569099601,0.725308957074082,-0.471881317930047,0,0.48409226925519,1,"RseX",TRUE
0.431129042151498,0.365437577064684,-1.73643721685773,0.208086001731362,1,-0.146160147789285,0,"STnc850",TRUE
0.422585047711317,0.316439520358875,0.725308957074082,-1.12528741416718,0,0.490844973723524,1,"MicF",TRUE
0.413186653827119,0.747622419369996,0.725308957074082,0.208086001731362,0,-0.150661950768175,0,"STnc1650",TRUE
0.384137072730505,0.487932718829207,0.725308957074082,0.112465597403976,0,-0.150661950768175,0,"IsrP",TRUE
0.367049083850143,0.28949058917068,-1.73643721685773,-0.594062945681706,0,-0.193429079067621,1,"STnc2160",TRUE
0.362777086630053,0.487932718829207,-1.73643721685773,-1.30324761110982,1,0.166715159243508,1,"STnc290",TRUE
0.349961094969782,0.375237188405846,-1.73643721685773,-0.23548642945401,1,0.220736794990177,1,"RprA",TRUE
0.345689097749692,0.487932718829207,-1.73643721685773,-0.113304801702351,1,0.000148449024610608,0,"RydC",TRUE
0.341417100529601,0.421785342276364,-1.73643721685773,-0.243454796481292,1,0.76095315245687,0,"MgrR",TRUE
0.307241122768879,0.333588840205908,-1.73643721685773,-0.0203405197173925,1,0.439074239466299,1,"CyaR",TRUE
0.298697128328698,0.470783398982174,0.725308957074082,-0.102680312332641,0,-0.0133569599120567,1,"sRNA00470",TRUE
0.285881136668427,0.483032913158626,-1.73643721685773,0.192149267676798,1,0.184722371159064,1,"Stnc1020",TRUE
0.243161164467524,0.55652999821734,0.725308957074082,0.0274696824463003,0,-0.170920064173176,0,"MicA",TRUE
0.238889167247434,0.274791172158937,-1.73643721685773,-0.50906703072403,1,0.0249083654085007,1,"STnc580",TRUE
0.217529181146982,0.475683204652755,-1.73643721685773,0.104497230376694,0,-0.193429079067621,0,"Spy_sRNA531081",TRUE
0.213257183926892,0.512431747182112,-1.73643721685773,0.194805390019225,1,-0.157414655236508,1,"STnc1010",TRUE
0.213257183926892,0.507531941511531,-1.73643721685773,0.0274696824463003,0,2.07547962229249,1,"Spy_sRNA1721621",TRUE
0.179081206166169,0.659425917299539,-1.73643721685773,0.0752798846099931,1,-0.0561240882115033,1,"STnc540",TRUE
0.18335320338626,0.434034856452817,0.725308957074082,0.157619677225242,0,-0.179923670130954,0,"STnc1080",TRUE
0.166265214505899,0.483032913158626,0.725308957074082,0.178868655964661,0,-0.150661950768175,0,"STnc1390",TRUE
0.163274816451835,-1.93012137960248,0.725308957074082,0.208086001731362,1,-0.159665556725953,1,"sRNA00616",TRUE
0.140633231185357,0.483032913158626,-1.73643721685773,0.107153352719122,1,0.10368991753906,1,"Spy_sRNA93359",TRUE
0.132089236745176,0.382586896911717,-1.73643721685773,0.168244166594951,0,1.30116950992356,0,"Spy_sRNA1755445",TRUE
0.127817239525086,0.434034856452817,0.725308957074082,-0.110648679359923,1,0.171216962222397,1,"STnc1210",TRUE
0.106457253424634,-1.93012137960248,0.725308957074082,-0.490474174327038,0,-0.0606258911903924,1,"sRNA00627",TRUE
0.0936412617643631,-1.93012137960248,0.725308957074082,0.0221574377614456,0,0.371547194782962,0,"sRNA00848",TRUE
0.0979132589844535,0.485482815993917,0.725308957074082,-0.461256828560337,1,0.0834318041340592,0,"RyhB-1",TRUE
0.0893692645442729,0.485482815993917,-1.43610418363805,-0.652497637215108,0,0.349038179888517,1,"STnc1060",TRUE
0.0850972673241825,0.497732330170369,-1.73643721685773,0.192149267676798,0,-0.0696294971481706,0,"Spy_sRNA800369",TRUE
0.0808252701040923,0.485482815993917,-1.73643721685773,-0.421414993423927,1,0.171216962222397,1,"STnc710",TRUE
0.0808252701040923,0.563879706723211,-1.73643721685773,-0.0176843973749651,1,-0.164167359704842,0,"STnc880",TRUE
0.0680092784438213,0.507531941511531,-1.73643721685773,-0.875611913979008,1,1.45197990971635,1,"Spy_sRNA1775122",TRUE
0.0637372812237309,0.480583010323336,0.725308957074082,-0.352355812520815,0,0.0564209862607245,1,"Spy_sRNA190336",TRUE
0.0979132589844535,0.316439520358875,-1.07422749607007,-0.623280291448407,0,0.191475075627398,1,"sRNA01029",TRUE
0.0551932867835503,-1.93012137960248,0.725308957074082,0.208086001731362,0,-0.193429079067621,0,"sRNA01285",TRUE
0.0509212895634599,0.485482815993917,0.725308957074082,0.184180900649516,0,0.292765642652403,0,"DsrA",TRUE
1.09243421182148,0.656976014464249,-1.0373013034611,0.131058453800968,0,0.10368991753906,0,"Spy_sRNA1778807",TRUE
0.0295613034630084,0.590828637911406,-1.73643721685773,0.208086001731362,1,0.0856827056235037,1,"STnc2130",TRUE
0.0210173090228278,0.485482815993917,0.725308957074082,0.067311517582711,0,-0.107894822468728,1,"SraB",TRUE
0.0210173090228278,0.468333496146883,0.725308957074082,0.123090086773686,1,-0.186676374599287,1,"IsrB-2",TRUE
0.00392932014246656,0.468333496146883,-1.73643721685773,0.0965288633494121,0,0.07893000115517,0,"Spy_sRNA779816",TRUE
-0.00888667151780441,0.483032913158626,0.343738300114651,-0.00440378566282821,0,-0.177672768641509,0,"ChiX",TRUE
-0.0259746603981656,0.563879706723211,0.725308957074082,0.0859043739797026,0,1.05131944459522,1,"STnc1380",TRUE
-0.0387906520584366,0.500182233005659,-1.73643721685773,0.208086001731362,1,-0.17317096566262,0,"STnc930",TRUE
-0.0516066437187076,0.527131164193854,-1.73643721685773,0.208086001731362,1,3.20993397297255,1,"RybD",TRUE
-0.0686946325990688,0.385036799747008,-1.73643721685773,0.18949314533437,1,0.0699263951973918,1,"Spy_sRNA482963",TRUE
-0.0729666298191591,0.473233301817464,-1.73643721685773,-0.00705990800525559,1,-0.116898428426506,1,"Spy_sRNA500055",TRUE
-0.0900546186995203,-1.93012137960248,-1.6330438775526,-0.0947119453053591,1,0.07893000115517,1,"sRNA00688",TRUE
-0.111414604799972,0.382586896911717,-1.73643721685773,0.131058453800968,0,0.585382836280195,0,"MicC",TRUE
-0.141318585340604,0.583478929405535,-1.73643721685773,0.194805390019225,1,0.213984090521843,0,"STnc840",TRUE
-0.158406574220965,0.411985730935203,-1.05699527285255,-0.660466004242391,1,-0.193429079067621,1,"Spy_sRNA1365555",TRUE
-0.188310554761598,-1.93012137960248,0.725308957074082,0.208086001731362,0,-0.193429079067621,0,"sRNA00850",TRUE
-0.209670540862049,-1.93012137960248,0.725308957074082,-0.107992557017496,1,0.515604890107414,1,"sRNA00508",TRUE
-0.21821453530223,-1.93012137960248,0.725308957074082,0.208086001731362,0,-0.193429079067621,0,"sRNA01128",TRUE
-0.22248653252232,0.358087868558812,-1.73643721685773,-0.248767041166147,1,-0.139407443320952,0,"RydB",TRUE
-0.248118515842862,-1.93012137960248,0.0827932056778784,0.00356458136445392,1,-0.193429079067621,1,"sRNA00123",TRUE
-0.252390513062953,0.478133107488045,-0.316009674499076,0.0619992728978562,1,-0.143909246299841,1,"Spy_sRNA318404",TRUE
-0.265206504723223,0.29194049200597,-1.73643721685773,-0.139866025126624,0,0.126198932433506,1,"SdsR",TRUE
1.3581524389111,0.483032913158626,0.725308957074082,0.208086001731362,0,-0.193429079067621,0,"STnc1220",TRUE
-0.295110485263856,-1.93012137960248,0.725308957074082,-1.15716088227631,0,0.220736794990177,1,"sRNA00687",TRUE
-0.333558460244668,0.654526111628958,-1.56411498468251,-0.0867435782780769,0,-0.193429079067621,0,"STnc490",TRUE
-0.337830457464759,0.495282427335078,-1.17762083537521,0.197461512361652,1,0.772207659904093,1,"STnc1150",TRUE
-0.337830457464759,0.566329609558502,0.725308957074082,0.0380941718160098,1,0.875749128418543,1,"sRNA00526",TRUE
-0.35064644912503,0.380136994076427,-1.70443451659662,0.0168451930765908,0,0.0226574639190562,0,"OxyS",TRUE
-0.35491844634512,-1.93012137960248,0.725308957074082,0.208086001731362,0,-0.193429079067621,0,"sRNA00913",TRUE
-0.35491844634512,0.485482815993917,-1.73643721685773,0.13902682082825,1,0.0136538579612779,1,"STnc750",TRUE
-0.3634624407853,0.311539714688294,-1.73643721685773,0.186837022991943,0,-0.121400231405395,0,"Spy_sRNA1221370",TRUE
-0.380550429665662,0.267441463653065,0.343738300114651,0.0726237622675657,0,-0.193429079067621,0,"RyhB-2",TRUE
-0.389094424105842,-1.93012137960248,0.725308957074082,-1.13591190353689,1,0.164464257754063,1,"sRNA01141",TRUE
-0.427542399086655,0.473233301817464,-1.65519959311798,0.0859043739797026,1,0.0429155773240572,0,"sRNA00648",TRUE
-0.474534368507649,0.485482815993917,-1.73643721685773,0.208086001731362,1,-0.191178177578177,0,"STnc1640",TRUE
-0.478806365727739,0.485482815993917,0.0803314595039466,0.120433964431259,0,-0.191178177578177,0,"IsrB-1",TRUE
-0.496748754052118,0.309089811853003,-1.73643721685773,0.208086001731362,1,0.272507529247402,1,"STnc2090",TRUE
-0.589878293450087,0.485482815993917,0.725308957074082,0.208086001731362,0,-0.0988912165109498,0,"RyjB",TRUE
-0.611238279550539,0.475683204652755,0.725308957074082,-0.161115003866043,1,0.826229295650762,0,"sRNA01156",TRUE
-0.641142260091171,-1.93012137960248,0.449593385593719,0.208086001731362,1,-0.193429079067621,1,"sRNA00389",TRUE
-0.653958251751442,0.458533884805721,-1.20470004328846,0.0487186611857193,0,-0.193429079067621,1,"sRNA00521",TRUE
-0.696678223952345,0.485482815993917,0.178801306461219,-0.216893573057018,0,-0.112396625447617,0,"STnc1400",TRUE
-0.709494215612616,0.323789228864746,0.725308957074082,-0.131897658099342,0,-0.14841104927873,0,"GcvB",TRUE
-0.722310207272887,0.473233301817464,0.725308957074082,-0.107992557017496,1,-0.155163753747064,1,"Spy_sRNA930739",TRUE
-0.726582204492977,0.507531941511531,0.552986724898855,0.0593431505554289,1,0.119446227965172,1,"STnc1160",TRUE
-0.735126198933158,-1.93012137960248,0.725308957074082,0.208086001731362,1,-0.193429079067621,1,"sRNA01179",TRUE
-0.76930217669388,0.394836411088169,-1.65519959311798,-0.344387445493533,1,0.0339119713662789,0,"sRNA00385",TRUE
-0.786390165574242,0.718223585346511,0.725308957074082,0.208086001731362,1,-0.150661950768175,1,"sRNA00544",TRUE
-0.790662162794332,0.460983787641012,0.725308957074082,-0.105336434675069,0,-0.193429079067621,0,"ArcZ",TRUE
1.41411560249428,0.497732330170369,-1.51980355355173,-0.17439561557818,0,-0.103393019489839,1,"Spy_sRNA1186876",TRUE
-0.884646101636319,0.483032913158626,-1.73643721685773,0.208086001731362,0,-0.0583749897009478,1,"STnc780",TRUE
-0.948726059937674,0.463433690476302,-1.50749482268207,-0.0362772537719568,1,0.263503923289624,1,"Spy_sRNA1663522",TRUE
-0.957270054377855,0.66187582013483,0.725308957074082,0.208086001731362,0,-0.193429079067621,0,"STnc1300",TRUE
-1.00853402101894,0.485482815993917,-1.73643721685773,-0.0176843973749651,1,-0.134905640342063,1,"sRNA3",TRUE
-1.09397396542074,-1.93012137960248,0.725308957074082,0.208086001731362,1,-0.157414655236508,1,"sRNA00397",TRUE
-1.11106195430111,0.340938548711779,0.725308957074082,0.208086001731362,0,-0.188927276088732,1,"IsrG",TRUE
-1.16659791816228,0.475683204652755,-1.73643721685773,0.176212533622233,1,-0.193429079067621,1,"SroC",TRUE
-1.20931789036318,0.509981844346821,0.725308957074082,0.160275799567669,1,-0.193429079067621,1,"sRNA00747",TRUE
-1.23494987368372,0.475683204652755,-0.889596533025188,-0.381573158287516,0,-0.0606258911903924,1,"Spy_sRNA1046345",TRUE
-1.26912585144445,0.487932718829207,-1.73643721685773,-0.402822137026935,1,2.75975367508364,0,"Spy_sRNA195261",TRUE
-1.27766984588463,0.414435633770493,0.725308957074082,-0.0229966420598199,0,-0.125902034384284,0,"STnc1110",TRUE
-1.39301377082707,-1.93012137960248,0.725308957074082,0.208086001731362,1,-0.191178177578177,1,"sRNA00446",TRUE
-1.43573374302797,0.61042786059373,-1.73643721685773,0.0380941718160098,1,0.349038179888517,1,"RyeC",TRUE
-1.48272571244896,0.487932718829207,0.725308957074082,0.141682943170678,0,-0.193429079067621,0,"STnc1590",TRUE
-1.48272571244896,0.456083981970431,-1.73643721685773,0.0805921292948479,1,0.724938728625757,1,"GlmY",TRUE
-1.51690169020969,0.485482815993917,-1.73643721685773,-0.256735408193429,0,0.907261749270766,1,"IsrI",TRUE
-1.55107766797041,0.483032913158626,-1.73643721685773,0.0726237622675657,1,0.227489499458511,0,"RygC",TRUE
-1.52544568464987,0.718223585346511,-1.73643721685773,0.208086001731362,1,-0.00885515693316761,0,"sRNA00237",TRUE
0.922408722461884,0.581029026570245,0.725308957074082,-0.482505807299756,1,0.630400866069086,0,"sRNA01157",TRUE
-1.73477354843429,0.287040686335389,-1.73643721685773,0.0938727410069848,1,0.954530680549102,1,"sRNA01077",TRUE
-1.84584547615664,0.277241074994227,0.725308957074082,0.20011763470408,0,0.288263839673514,0,"IsrH-2",TRUE
-1.85011747337673,0.434034856452817,-1.73643721685773,0.208086001731362,1,-0.193429079067621,1,"SgrS",TRUE
-1.88429345113745,0.269891366488356,-1.69951102424876,-0.267359897563139,0,-0.193429079067621,1,"sRNA01208",TRUE
-1.88856544835754,0.485482815993917,-1.73643721685773,0.208086001731362,1,-0.193429079067621,1,"STnc1290",TRUE
-1.91846942889818,0.730473099522963,-1.73643721685773,-0.400166014684508,1,0.360292687335739,1,"IsrF",TRUE
0.888232744701162,0.495282427335078,-1.73643721685773,0.176212533622233,0,-0.168669162683731,0,"Spy_sRNA532788",TRUE
-1.99963737607989,0.877467269640391,-1.73643721685773,0.170900288937379,0,-0.193429079067621,1,"sRNA01135",TRUE
0.883960747481071,0.500182233005659,-1.73643721685773,-0.798584366048614,0,-0.137156541831507,0,"Spy_sRNA792465",TRUE
-2.14488528156296,-1.93012137960248,-1.73643721685773,0.144339065513105,1,-0.193429079067621,1,"sRNA00798",TRUE
-2.20042124542414,0.703524168334768,-1.73643721685773,0.18949314533437,0,-0.12365113289484,0,"STnc1270",TRUE
-2.29440518426612,0.358087868558812,-1.73643721685773,-0.238142551796437,0,-0.114647526937062,0,"IsrC",TRUE
-2.3644659386756,0.407085925264622,-1.65273784694405,-0.0495578654840936,0,0.475088663297412,1,"Spy_sRNA1065030",TRUE
-2.45246908140946,0.696174459828896,0.725308957074082,0.20011763470408,0,-0.0966403150215053,0,"IsrH-1",TRUE
-2.64898095353362,0.485482815993917,0.725308957074082,-0.0389333761143841,1,-0.119149329915951,1,"STnc1460",TRUE
0.811336794739536,-1.93012137960248,0.725308957074082,-0.726869062803075,1,-0.101142118000394,0,"sRNA00598",TRUE
-2.9223887756194,0.331138937370617,-0.271698243368303,0.0407502941584372,1,0.448077845424077,1,"IsrA",TRUE
-2.96083675060021,0.676575237146573,-1.73643721685773,0.067311517582711,1,-0.166418261194286,0,"SraC",TRUE
0.785704811418994,0.485482815993917,0.725308957074082,-0.18502010494789,1,0.173467863711841,1,"STnc1340",TRUE
0.785704811418994,0.470783398982174,-1.73643721685773,-0.463912950902765,1,-0.0291132703381686,1,"Spy_sRNA680207",TRUE
0.785704811418994,0.468333496146883,-1.66012308546585,-2.55428123439311,1,1.10759198183133,1,"sRNA00295",TRUE
1.20863253620794,-1.93012137960248,0.725308957074082,0.208086001731362,0,-0.193429079067621,0,"Sent_RAND_800",FALSE
1.20863253620794,0.262541657982484,-1.66012308546585,-0.105336434675069,0,0.398558012656297,0,"Spy_RAND_230",FALSE
1.20863253620794,0.522231358523273,0.725308957074082,0.208086001731362,0,-0.193429079067621,0,"Spy_RAND_115",FALSE
1.20863253620794,0.478133107488045,0.629300856290741,0.208086001731362,1,-0.193429079067621,1,"Spy_RAND_349",FALSE
1.20008854176775,0.264991560817775,-1.26624369763676,0.208086001731362,0,-0.193429079067621,0,"Sent_RAND_773",FALSE
1.20863253620794,0.465883593311593,-0.540028576326871,0.208086001731362,0,-0.193429079067621,0,"Spy_RAND_307",FALSE
1.20863253620794,0.524681261358564,-0.355397613281985,0.208086001731362,0,-0.0516222852326142,1,"Sent_RAND_1046",FALSE
1.20863253620794,0.453634079135141,-0.842823355720484,0.208086001731362,0,0.427819732019076,0,"Spy_RAND_212",FALSE
1.20863253620794,0.524681261358564,-1.55180625381285,-2.5436567450234,1,0.0744281981762809,0,"Spy_RAND_160",FALSE
1.20863253620794,0.44873427346456,0.577604186638173,0.208086001731362,0,-0.193429079067621,0,"Spy_RAND_10",FALSE
1.20863253620794,0.446284370629269,-1.25147322059316,-1.01373027578523,0,0.308521953078515,0,"Spy_RAND_451",FALSE
1.22144852786821,0.490382621664497,0.102487175069333,0.208086001731362,0,-0.193429079067621,0,"Spy_RAND_123",FALSE
1.20863253620794,0.441384564958688,0.725308957074082,0.208086001731362,0,-0.193429079067621,0,"Spy_RAND_334",FALSE
1.20863253620794,0.429135050782236,-1.39917799102907,0.208086001731362,1,-0.193429079067621,1,"Spy_RAND_347",FALSE
1.2257205250883,0.568779512393792,0.0606374901124921,-0.604687435051416,1,0.0519191832818354,0,"Rcap_RAND_45",FALSE
1.20863253620794,0.509981844346821,-1.16777385067948,0.208086001731362,0,-0.193429079067621,0,"Spy_RAND_143",FALSE
1.20863253620794,0.409535828099912,0.725308957074082,0.208086001731362,1,-0.193429079067621,1,"Spy_RAND_15",FALSE
1.20863253620794,0.402186119594041,-1.52226529972566,0.208086001731362,1,-0.193429079067621,1,"Spy_RAND_367",FALSE
1.20863253620794,0.39728631392346,-1.6798170548573,0.208086001731362,1,-0.193429079067621,1,"Spy_RAND_455",FALSE
1.20863253620794,0.532030969864435,0.338814807766787,-2.91020162827838,1,6.01230632733102,1,"Spy_RAND_306",FALSE
1.20863253620794,0.372787285570555,0.725308957074082,0.208086001731362,0,-0.182174571620398,0,"Spy_RAND_413",FALSE
1.18300055288739,0.571229415229083,0.725308957074082,0.208086001731362,0,-0.193429079067621,0,"Sent_RAND_153",FALSE
1.20863253620794,0.50508203867624,-1.68227880103123,0.208086001731362,0,-0.193429079067621,0,"Spy_RAND_285",FALSE
1.20863253620794,0.367887479899974,0.321582584549264,0.112465597403976,1,0.995046907359104,1,"Spy_RAND_326",FALSE
1.23853651674857,-1.93012137960248,0.725308957074082,0.208086001731362,0,-0.193429079067621,0,"Sent_RAND_2",FALSE
1.20863253620794,0.50263213584095,-1.48533910711669,-0.740149674515212,0,-0.137156541831507,0,"Spy_RAND_238",FALSE
1.20863253620794,0.336038743041198,-0.970834156764938,0.208086001731362,1,-0.193429079067621,1,"Spy_RAND_193",FALSE
1.20863253620794,0.331138937370617,-0.823129386329029,0.208086001731362,0,-0.193429079067621,0,"Sent_RAND_111",FALSE
1.20863253620794,0.500182233005659,0.725308957074082,0.208086001731362,1,-0.193429079067621,1,"Spy_RAND_155",FALSE
1.20863253620794,0.321339326029456,0.725308957074082,0.208086001731362,0,-0.193429079067621,0,"Spy_RAND_6",FALSE
1.20863253620794,0.304190006182422,0.725308957074082,0.208086001731362,1,-0.193429079067621,1,"Spy_RAND_128",FALSE
1.17018456122712,0.274791172158937,-1.52718879207353,0.208086001731362,0,0.254500317331845,0,"Spy_RAND_102",FALSE
1.24708051118875,0.490382621664497,0.456978624115514,0.208086001731362,0,-0.193429079067621,0,"Sent_RAND_594",FALSE
1.20863253620794,0.29194049200597,0.237883214635583,-0.12392929107206,1,0.299518347120736,1,"Spy_RAND_33",FALSE
1.20863253620794,0.287040686335389,0.0507905054167648,0.208086001731362,0,-0.193429079067621,0,"Spy_RAND_216",FALSE
0.777160816978813,-1.93012137960248,0.725308957074082,0.208086001731362,1,-0.193429079067621,1,"Sent_RAND_860",FALSE
0.777160816978813,0.264991560817775,0.725308957074082,0.208086001731362,0,-0.193429079067621,0,"Spy_RAND_182",FALSE
-3.187252603265,0.267441463653065,0.725308957074082,0.208086001731362,0,-0.193429079067621,0,"Sent_RAND_1081",FALSE
0.772888819758723,0.287040686335389,-0.736968270241416,0.208086001731362,0,-0.193429079067621,0,"Spy_RAND_242",FALSE
0.764344825318543,0.534480872699726,0.725308957074082,-4.3285709591346,1,-0.125902034384284,0,"Spy_RAND_26",FALSE
0.755800830878362,-1.93012137960248,0.725308957074082,0.208086001731362,1,-0.193429079067621,1,"Sent_RAND_236",FALSE
0.755800830878362,0.44873427346456,0.725308957074082,0.208086001731362,0,-0.193429079067621,0,"Sent_RAND_248",FALSE
0.755800830878362,0.355637965723522,-0.60649572302303,0.208086001731362,0,-0.193429079067621,0,"Spy_RAND_25",FALSE
0.751528833658272,0.627577180440763,0.725308957074082,0.208086001731362,1,-0.193429079067621,1,"Sent_RAND_84",FALSE
-3.42221245036997,0.485482815993917,0.725308957074082,0.208086001731362,0,-0.193429079067621,1,"Sent_RAND_548",FALSE
-3.4051244614896,0.306639909017713,-1.6256586390308,-0.0203405197173925,0,-0.193429079067621,1,"Sent_RAND_270",FALSE
0.742984839218091,-1.93012137960248,0.725308957074082,0.208086001731362,0,-0.193429079067621,0,"Rcap_RAND_118",FALSE
0.742984839218091,-1.93012137960248,0.725308957074082,0.208086001731362,0,-0.193429079067621,0,"Sent_RAND_776",FALSE
0.73444084477791,0.522231358523273,0.314197346027469,0.208086001731362,1,-0.087636709063727,0,"Sent_RAND_354",FALSE
0.73444084477791,0.350738160052941,0.0606374901124921,0.208086001731362,1,-0.193429079067621,1,"Spy_RAND_414",FALSE
0.73016884755782,0.436484759288107,0.725308957074082,0.208086001731362,1,-0.193429079067621,1,"Sent_RAND_267",FALSE
0.72589685033773,0.514881650017402,0.725308957074082,0.208086001731362,0,-0.193429079067621,0,"Sent_RAND_1006",FALSE
0.721624853117639,0.679025139981863,-1.56657673085644,0.208086001731362,1,-0.193429079067621,1,"Spy_RAND_61",FALSE
0.738712841998001,0.507531941511531,-0.345550628586257,0.208086001731362,1,-0.193429079067621,1,"Sent_RAND_326",FALSE
-3.75713703242505,0.931365132016781,0.725308957074082,0.208086001731362,0,-0.193429079067621,0,"Sent_RAND_572",FALSE
0.708808861457369,0.500182233005659,0.725308957074082,0.208086001731362,0,-0.193429079067621,0,"Sent_RAND_184",FALSE
0.704536864237278,0.485482815993917,0.700691495334764,0.208086001731362,0,-0.193429079067621,0,"Spy_RAND_62",FALSE
1.15736856956685,-1.93012137960248,-0.11906998058453,0.208086001731362,1,-0.193429079067621,1,"Spy_RAND_300",FALSE
0.691720872577007,0.421785342276364,0.725308957074082,0.208086001731362,0,-0.193429079067621,0,"Rcap_RAND_273",FALSE
0.691720872577007,0.691274654158315,-0.818205893981166,0.208086001731362,0,-0.193429079067621,0,"Spy_RAND_179",FALSE
0.682322478692808,-1.93012137960248,0.725308957074082,0.208086001731362,0,-0.193429079067621,0,"Sent_RAND_356",FALSE
0.674632883696646,-1.93012137960248,0.725308957074082,0.208086001731362,0,-0.193429079067621,0,"Spy_RAND_287",FALSE
0.674632883696646,-1.93012137960248,-1.46810688389916,0.208086001731362,1,-0.193429079067621,1,"Sent_RAND_933",FALSE
0.674632883696646,0.318889423194165,0.725308957074082,0.208086001731362,1,-0.193429079067621,1,"Sent_RAND_843",FALSE
0.670360886476556,0.593278540746697,0.725308957074082,0.208086001731362,0,-0.193429079067621,0,"Sent_RAND_292",FALSE
0.670360886476556,0.683924945652444,-0.724659539371757,0.208086001731362,0,-0.193429079067621,0,"Sent_RAND_652",FALSE
0.666943288700483,0.492832524499788,0.725308957074082,0.208086001731362,1,0.058671887750169,0,"Sent_RAND_946",FALSE
0.661816892036375,0.370337382735265,0.725308957074082,0.208086001731362,0,-0.193429079067621,0,"Sent_RAND_337",FALSE
0.653272897596194,-1.93012137960248,0.725308957074082,0.208086001731362,1,-0.193429079067621,1,"Rcap_RAND_422",FALSE
0.649000900376104,0.34583835438236,0.725308957074082,0.208086001731362,0,-0.193429079067621,0,"Sent_RAND_904",FALSE
0.653272897596194,0.456083981970431,0.725308957074082,0.208086001731362,1,-0.193429079067621,1,"Spy_RAND_336",FALSE
0.644728903156014,0.29439039484126,0.725308957074082,0.208086001731362,0,0.475088663297412,0,"Sent_RAND_314",FALSE
1.26416850006911,0.512431747182112,-0.75666223963287,0.208086001731362,1,-0.193429079067621,1,"Spy_RAND_281",FALSE
0.653272897596194,0.644726500287797,0.0606374901124921,0.208086001731362,1,-0.193429079067621,1,"Sent_RAND_1067",FALSE
0.627640914275652,0.487932718829207,0.725308957074082,0.208086001731362,1,-0.193429079067621,1,"Sent_RAND_987",FALSE
0.627640914275652,0.534480872699726,0.725308957074082,0.208086001731362,1,-0.193429079067621,1,"Sent_RAND_902",FALSE
0.623368917055562,-1.93012137960248,0.725308957074082,0.208086001731362,0,-0.193429079067621,0,"Sent_RAND_232",FALSE
0.619096919835472,-1.93012137960248,0.725308957074082,0.208086001731362,0,-0.193429079067621,0,"Rcap_RAND_359",FALSE
0.619096919835472,0.385036799747008,0.725308957074082,0.208086001731362,0,-0.193429079067621,0,"Sent_RAND_526",FALSE
0.619096919835472,0.328689034535327,0.725308957074082,0.208086001731362,0,-0.193429079067621,0,"Sent_RAND_217",FALSE
0.653272897596194,0.497732330170369,0.725308957074082,0.208086001731362,0,-0.193429079067621,0,"Sent_RAND_1088",FALSE
0.610552925395291,0.478133107488045,-1.73643721685773,0.208086001731362,0,-0.0201096643803904,0,"Spy_RAND_435",FALSE
0.610552925395291,0.581029026570245,-0.997913364678188,0.208086001731362,1,-0.0583749897009478,1,"Sent_RAND_642",FALSE
0.59773693373502,0.264991560817775,0.725308957074082,0.208086001731362,0,-0.193429079067621,0,"Sent_RAND_547",FALSE
0.59773693373502,0.578579123734954,-1.54934450763891,-0.182363982605463,1,0.313023756057404,0,"Rcap_RAND_2",FALSE
0.59346493651493,0.639826694617216,-0.249542527802917,0.208086001731362,0,-0.193429079067621,0,"Spy_RAND_362",FALSE
0.584920942074749,0.431584953617526,0.725308957074082,0.208086001731362,0,-0.193429079067621,0,"Spy_RAND_22",FALSE
0.580648944854659,-1.93012137960248,0.449593385593719,0.208086001731362,1,-0.193429079067621,1,"Rcap_RAND_103",FALSE
0.580648944854659,0.541830581205597,-0.589263499805507,0.208086001731362,0,0.20723138605351,1,"Sent_RAND_371",FALSE
0.576376947634569,0.568779512393792,0.725308957074082,0.208086001731362,0,-0.193429079067621,0,"Sent_RAND_17",FALSE
0.572104950414478,0.55652999821734,0.725308957074082,0.208086001731362,0,-0.193429079067621,0,"Sent_RAND_132",FALSE
0.566124154306352,0.492832524499788,0.725308957074082,0.208086001731362,0,-0.193429079067621,0,"Sent_RAND_238",FALSE
0.563560955974298,0.463433690476302,0.725308957074082,0.208086001731362,1,-0.193429079067621,1,"Sent_RAND_43",FALSE
0.559288958754207,0.350738160052941,-1.00037511085212,0.208086001731362,1,-0.193429079067621,1,"Sent_RAND_875",FALSE
0.550744964314027,0.522231358523273,0.725308957074082,0.0168451930765908,0,0.850989212034653,1,"Sent_RAND_704",FALSE
0.546472967093937,0.492832524499788,0.725308957074082,0.208086001731362,0,-0.193429079067621,0,"Sent_RAND_814",FALSE
0.546472967093937,0.460983787641012,-0.133840457628121,0.208086001731362,1,-0.193429079067621,1,"Sent_RAND_345",FALSE
0.542200969873846,0.561429803887921,0.725308957074082,0.208086001731362,1,-0.193429079067621,1,"Sent_RAND_1094",FALSE
0.567832953194388,0.683924945652444,0.725308957074082,-0.532972131805876,1,-0.193429079067621,1,"Rcap_RAND_94",FALSE
0.537928972653756,0.66432572297012,0.725308957074082,0.208086001731362,0,-0.193429079067621,0,"Spy_RAND_395",FALSE
0.537928972653756,0.282140880664808,0.725308957074082,-0.628592536133262,0,-0.193429079067621,0,"Sent_RAND_785",FALSE
0.529384978213575,0.554080095382049,-1.01514558789571,0.208086001731362,0,-0.193429079067621,0,"Spy_RAND_117",FALSE
0.529384978213575,0.563879706723211,0.725308957074082,0.0380941718160098,0,-0.193429079067621,1,"Sent_RAND_808",FALSE
0.529384978213575,0.45118417629985,0.725308957074082,0.208086001731362,0,-0.193429079067621,0,"Sent_RAND_859",FALSE
1.14028058068649,0.544280484040888,0.725308957074082,0.208086001731362,0,-0.193429079067621,0,"Sent_RAND_148",FALSE
0.516568986553304,0.367887479899974,-0.933907964155961,0.208086001731362,1,-0.193429079067621,1,"Sent_RAND_719",FALSE
0.525112980993485,0.456083981970431,-0.0870672803234168,0.208086001731362,1,-0.193429079067621,1,"Spy_RAND_67",FALSE
0.508024992113124,0.750072322205287,0.725308957074082,0.208086001731362,1,-0.193429079067621,1,"Sent_RAND_97",FALSE
0.499480997672943,0.590828637911406,0.725308957074082,0.208086001731362,1,-0.193429079067621,1,"Sent_RAND_988",FALSE
0.499480997672943,0.409535828099912,0.725308957074082,0.208086001731362,0,-0.193429079067621,0,"Sent_RAND_129",FALSE
0.499480997672943,0.385036799747008,0.27480940724456,0.208086001731362,0,-0.193429079067621,0,"Sent_RAND_577",FALSE
0.499480997672943,0.720673488181801,0.725308957074082,0.208086001731362,0,-0.193429079067621,0,"Sent_RAND_478",FALSE
0.495209000452853,0.500182233005659,0.725308957074082,0.208086001731362,1,-0.193429079067621,1,"Spy_RAND_127",FALSE
0.490937003232762,-1.93012137960248,0.725308957074082,0.208086001731362,0,-0.193429079067621,0,"Rcap_RAND_225",FALSE
0.486665006012672,0.544280484040888,0.336353061592855,0.208086001731362,1,-0.193429079067621,1,"Spy_RAND_418",FALSE
0.486665006012672,0.45118417629985,0.725308957074082,0.208086001731362,0,-0.193429079067621,0,"Sent_RAND_247",FALSE
0.486665006012672,0.39728631392346,0.228036229939855,0.208086001731362,1,-0.193429079067621,1,"Sent_RAND_622",FALSE
0.478121011572491,0.470783398982174,0.725308957074082,0.208086001731362,0,-0.193429079067621,0,"Sent_RAND_66",FALSE
1.1360085834664,0.590828637911406,-0.943754948851688,0.208086001731362,0,-0.193429079067621,0,"Sent_RAND_1015",FALSE
0.482393008792582,0.426685147946945,0.336353061592855,0.208086001731362,0,-0.193429079067621,0,"Spy_RAND_301",FALSE
0.465305019912221,0.622677374770182,0.725308957074082,0.208086001731362,0,-0.193429079067621,0,"Rcap_RAND_331",FALSE
0.465305019912221,0.632476986111344,0.725308957074082,0.208086001731362,0,-0.193429079067621,0,"Sent_RAND_885",FALSE
0.465305019912221,0.340938548711779,0.725308957074082,0.208086001731362,0,-0.193429079067621,0,"Sent_RAND_828",FALSE
0.45676102547204,0.791720670405224,0.725308957074082,0.208086001731362,0,-0.193429079067621,0,"Spy_RAND_264",FALSE
0.45676102547204,0.554080095382049,-1.21454702798419,-1.14122414822175,1,0.164464257754063,1,"Spy_RAND_186",FALSE
0.45676102547204,0.392386508252879,0.725308957074082,0.208086001731362,0,-0.193429079067621,0,"Sent_RAND_114",FALSE
0.448217031031859,-1.93012137960248,0.725308957074082,0.208086001731362,0,-0.193429079067621,0,"Sent_RAND_501",FALSE
0.435401039371588,-1.93012137960248,0.725308957074082,0.208086001731362,1,-0.193429079067621,1,"Sent_RAND_408",FALSE
1.13173658624631,0.438934662123398,0.341276553940719,0.208086001731362,1,-0.193429079067621,1,"Spy_RAND_303",FALSE
0.426857044931408,0.277241074994227,-0.604033976849098,-0.155802759181189,0,0.101439016049616,1,"Spy_RAND_218",FALSE
0.422585047711317,-1.93012137960248,0.725308957074082,0.208086001731362,0,-0.193429079067621,0,"Rcap_RAND_382",FALSE
0.422585047711317,-1.93012137960248,0.725308957074082,0.208086001731362,0,-0.193429079067621,0,"Sent_RAND_919",FALSE
0.422585047711317,0.39973621675875,0.66868879507365,0.208086001731362,1,-0.193429079067621,1,"Spy_RAND_138",FALSE
0.422585047711317,0.669225528640701,0.725308957074082,-4.07092709191914,1,1.29216590396579,0,"Spy_RAND_247",FALSE
0.414041053271137,0.456083981970431,0.725308957074082,0.208086001731362,1,-0.193429079067621,1,"Sent_RAND_366",FALSE
0.409769056051046,0.336038743041198,-0.478484921978575,0.208086001731362,1,-0.193429079067621,1,"Spy_RAND_59",FALSE
0.409769056051046,0.277241074994227,-1.73643721685773,0.181524778307088,1,-0.193429079067621,1,"Sent_RAND_243",FALSE
0.405497058830956,0.509981844346821,-1.40656322955087,0.208086001731362,1,-0.193429079067621,1,"Spy_RAND_180",FALSE
0.402506660776893,-1.93012137960248,0.725308957074082,0.208086001731362,1,-0.193429079067621,1,"Rcap_RAND_353",FALSE
0.401225061610866,-1.93012137960248,0.725308957074082,0.0619992728978562,1,-0.193429079067621,1,"Rcap_RAND_59",FALSE
0.401225061610866,0.480583010323336,0.725308957074082,0.208086001731362,1,-0.193429079067621,1,"Sent_RAND_334",FALSE
0.401225061610866,0.60797795775844,0.725308957074082,0.208086001731362,0,-0.193429079067621,0,"Sent_RAND_1017",FALSE
0.395244265502739,0.483032913158626,0.725308957074082,0.208086001731362,1,-0.193429079067621,1,"Sent_RAND_149",FALSE
0.396953064390775,-1.93012137960248,0.725308957074082,0.208086001731362,1,-0.193429079067621,1,"Sent_RAND_479",FALSE
0.392681067170685,-1.93012137960248,0.725308957074082,0.208086001731362,0,-0.193429079067621,0,"Sent_RAND_201",FALSE
0.396953064390775,0.485482815993917,0.725308957074082,0.208086001731362,0,-0.193429079067621,0,"Sent_RAND_1041",FALSE
0.392681067170685,0.318889423194165,-0.562184291892257,0.208086001731362,1,-0.193429079067621,1,"Spy_RAND_93",FALSE
0.375593078290324,-1.93012137960248,-1.3080933825936,0.208086001731362,0,-0.193429079067621,0,"Rcap_RAND_239",FALSE
0.375593078290324,0.460983787641012,0.725308957074082,0.208086001731362,0,-0.193429079067621,0,"Sent_RAND_144",FALSE
0.375593078290324,0.348288257217651,-1.73643721685773,0.208086001731362,0,-0.193429079067621,0,"Spy_RAND_28",FALSE
0.371321081070234,0.497732330170369,0.725308957074082,-0.0229966420598199,0,0.112693523496838,0,"Rcap_RAND_407",FALSE
0.367049083850143,0.260091755147194,-0.953601933547415,0.208086001731362,1,-0.193429079067621,1,"Sent_RAND_644",FALSE
0.367049083850143,0.750072322205287,0.725308957074082,0.208086001731362,0,-0.193429079067621,0,"Sent_RAND_300",FALSE
0.362777086630053,0.566329609558502,0.725308957074082,0.208086001731362,0,-0.193429079067621,0,"Sent_RAND_273",FALSE
0.362777086630053,0.389936605417589,0.225574483765924,0.208086001731362,0,-0.193429079067621,0,"Sent_RAND_253",FALSE
0.356369090799918,0.460983787641012,-1.32778735198505,0.208086001731362,1,-0.193429079067621,1,"Spy_RAND_251",FALSE
0.345689097749692,-1.93012137960248,-0.0747585494537577,0.208086001731362,1,-0.193429079067621,1,"Rcap_RAND_182",FALSE
0.341417100529601,0.578579123734954,-1.70935800894448,0.208086001731362,1,-0.193429079067621,1,"Sent_RAND_891",FALSE
0.341417100529601,0.404636022429331,0.725308957074082,0.208086001731362,1,-0.193429079067621,1,"Spy_RAND_110",FALSE
0.354233092189872,0.421785342276364,-1.73643721685773,0.208086001731362,1,-0.193429079067621,1,"Spy_RAND_49",FALSE
0.335436304421475,0.860317949793357,-0.818205893981166,0.208086001731362,0,-0.193429079067621,0,"Sent_RAND_855",FALSE
0.354233092189872,0.407085925264622,-0.158457919367439,0.208086001731362,0,-0.193429079067621,0,"Spy_RAND_268",FALSE
0.354233092189872,0.39973621675875,0.725308957074082,0.208086001731362,1,-0.193429079067621,1,"Sent_RAND_310",FALSE
0.332873106089421,-1.93012137960248,0.725308957074082,0.208086001731362,1,-0.193429079067621,1,"Rcap_RAND_449",FALSE
0.332873106089421,0.453634079135141,0.725308957074082,0.208086001731362,1,-0.193429079067621,1,"Sent_RAND_801",FALSE
0.32860110886933,-1.93012137960248,0.725308957074082,0.208086001731362,0,-0.193429079067621,0,"Rcap_RAND_401",FALSE
0.32860110886933,0.576129220899664,0.725308957074082,0.208086001731362,0,-0.193429079067621,0,"Sent_RAND_709",FALSE
0.32860110886933,0.630027083276054,0.725308957074082,0.208086001731362,0,-0.193429079067621,0,"Sent_RAND_787",FALSE
0.32005711442915,-1.93012137960248,0.725308957074082,0.208086001731362,1,-0.193429079067621,1,"Sent_RAND_1099",FALSE
0.31578511720906,0.639826694617216,0.725308957074082,0.208086001731362,1,0.135202538391284,1,"Sent_RAND_382",FALSE
0.298697128328698,-1.93012137960248,0.725308957074082,0.208086001731362,1,-0.193429079067621,1,"Sent_RAND_807",FALSE
0.298697128328698,-1.93012137960248,-0.869902563633734,0.208086001731362,1,-0.193429079067621,1,"Sent_RAND_680",FALSE
0.296988329440662,0.458533884805721,0.725308957074082,0.208086001731362,0,-0.132654738852618,0,"Sent_RAND_196",FALSE
0.294425131108608,0.360537771394103,0.725308957074082,0.208086001731362,1,-0.193429079067621,1,"Sent_RAND_410",FALSE
0.277337142228247,0.380136994076427,0.725308957074082,-2.22226594158969,1,0.335532770951849,0,"Rcap_RAND_40",FALSE
0.273065145008156,-1.93012137960248,0.213265752896265,0.208086001731362,0,-0.193429079067621,0,"Sent_RAND_803",FALSE
0.273065145008156,0.512431747182112,0.725308957074082,0.208086001731362,1,-0.193429079067621,1,"Sent_RAND_1032",FALSE
0.273065145008156,0.29439039484126,-0.574493022761916,0.208086001731362,1,-0.193429079067621,1,"Sent_RAND_559",FALSE
0.268365948066057,0.29439039484126,-1.45333640685557,0.208086001731362,1,-0.193429079067621,1,"Spy_RAND_450",FALSE
0.264521150567976,0.377687091241136,0.725308957074082,0.208086001731362,1,-0.193429079067621,1,"Sent_RAND_204",FALSE
0.260249153347885,-1.93012137960248,-0.399709044412757,0.208086001731362,1,-0.193429079067621,1,"Rcap_RAND_169",FALSE
0.251705158907705,-1.93012137960248,-1.71674324746628,0.046062538843292,1,-0.193429079067621,1,"Rcap_RAND_361",FALSE
0.247433161687614,0.328689034535327,0.725308957074082,0.208086001731362,1,-0.00660425544372306,1,"Sent_RAND_1066",FALSE
0.234617170027344,-1.93012137960248,0.725308957074082,0.208086001731362,1,-0.193429079067621,1,"Rcap_RAND_104",FALSE
0.234617170027344,-1.93012137960248,0.725308957074082,0.208086001731362,1,-0.193429079067621,1,"Rcap_RAND_136",FALSE
0.234617170027344,-1.93012137960248,0.725308957074082,0.208086001731362,1,-0.193429079067621,1,"Rcap_RAND_406",FALSE
0.234617170027344,0.561429803887921,-1.01268384172178,0.208086001731362,0,-0.193429079067621,0,"Sent_RAND_74",FALSE
0.234617170027344,0.568779512393792,0.725308957074082,0.208086001731362,1,-0.193429079067621,1,"Sent_RAND_678",FALSE
0.230345172807253,-1.93012137960248,0.725308957074082,0.208086001731362,0,-0.193429079067621,0,"Rcap_RAND_192",FALSE
0.230345172807253,-1.93012137960248,0.725308957074082,0.208086001731362,1,-0.193429079067621,1,"Sent_RAND_19",FALSE
0.230345172807253,0.534480872699726,0.725308957074082,0.208086001731362,0,0.10368991753906,0,"Sent_RAND_617",FALSE
0.226073175587163,-1.93012137960248,0.0729462209821512,0.208086001731362,0,-0.193429079067621,0,"Rcap_RAND_355",FALSE
0.221801178367073,0.546730386876178,0.725308957074082,0.208086001731362,1,-0.193429079067621,1,"Sent_RAND_336",FALSE
0.221801178367073,0.443834467793979,0.725308957074082,0.208086001731362,0,-0.193429079067621,0,"Spy_RAND_76",FALSE
1.11037660014586,0.55652999821734,0.380664492723628,0.208086001731362,1,-0.193429079067621,1,"Spy_RAND_55",FALSE
0.213257183926892,-1.93012137960248,0.725308957074082,0.208086001731362,0,-0.193429079067621,0,"Sent_RAND_119",FALSE
0.20086839198863,-1.93012137960248,0.725308957074082,0.208086001731362,0,-0.193429079067621,0,"Rcap_RAND_91",FALSE
0.204713189486711,0.287040686335389,-0.899443517720915,0.208086001731362,1,-0.193429079067621,1,"Spy_RAND_308",FALSE
0.200441192266621,0.434034856452817,-1.73643721685773,-0.240798674138865,0,-0.193429079067621,0,"Rcap_RAND_64",FALSE
0.200441192266621,0.698624362664187,-1.37456052928976,0.208086001731362,0,-0.193429079067621,0,"Spy_RAND_203",FALSE
0.196169195046531,0.483032913158626,0.725308957074082,0.208086001731362,1,-0.193429079067621,1,"Sent_RAND_694",FALSE
1.10738620209179,0.605528054923149,0.725308957074082,0.208086001731362,0,-0.193429079067621,0,"Spy_RAND_333",FALSE
0.18762520060635,0.39728631392346,0.720385464726218,0.208086001731362,1,-0.193429079067621,1,"Sent_RAND_935",FALSE
0.18335320338626,-1.93012137960248,0.725308957074082,0.208086001731362,0,-0.193429079067621,0,"Rcap_RAND_307",FALSE
0.179081206166169,-1.93012137960248,0.725308957074082,0.208086001731362,1,-0.193429079067621,1,"Rcap_RAND_112",FALSE
0.179081206166169,-1.93012137960248,0.725308957074082,0.208086001731362,1,-0.193429079067621,1,"Sent_RAND_588",FALSE
0.179081206166169,0.544280484040888,0.725308957074082,0.208086001731362,1,-0.193429079067621,1,"Spy_RAND_409",FALSE
0.179081206166169,0.620227471934892,0.725308957074082,0.208086001731362,0,-0.193429079067621,0,"Sent_RAND_1059",FALSE
0.174809208946079,-1.93012137960248,0.725308957074082,0.208086001731362,0,-0.193429079067621,0,"Rcap_RAND_92",FALSE
0.174809208946079,-1.93012137960248,0.725308957074082,0.208086001731362,0,-0.193429079067621,0,"Sent_RAND_266",FALSE
0.18335320338626,0.583478929405535,0.725308957074082,0.208086001731362,1,-0.193429079067621,1,"Sent_RAND_540",FALSE
1.3111604694901,0.583478929405535,0.725308957074082,0.208086001731362,1,-0.193429079067621,1,"Sent_RAND_676",FALSE
1.10610460292577,0.514881650017402,0.646533079508264,-0.835770078842597,1,-0.170920064173176,1,"Sent_RAND_104",FALSE
0.170537211725989,0.336038743041198,-1.05699527285255,0.208086001731362,1,-0.193429079067621,1,"Spy_RAND_314",FALSE
0.170537211725989,0.318889423194165,0.725308957074082,0.208086001731362,1,-0.193429079067621,1,"Sent_RAND_360",FALSE
0.166265214505899,0.512431747182112,0.725308957074082,0.208086001731362,0,-0.193429079067621,0,"Sent_RAND_1018",FALSE
1.10610460292577,0.411985730935203,0.392973223593287,0.208086001731362,1,-0.193429079067621,1,"Sent_RAND_702",FALSE
0.157721220065718,-1.93012137960248,0.725308957074082,0.208086001731362,1,-0.193429079067621,1,"Rcap_RAND_435",FALSE
0.149177225625537,0.326239131700036,-0.997913364678188,0.208086001731362,1,-0.193429079067621,1,"Sent_RAND_880",FALSE
0.145759627849465,0.813769795922838,0.725308957074082,0.208086001731362,0,-0.193429079067621,0,"Sent_RAND_99",FALSE
0.140633231185357,0.269891366488356,0.597298156029628,0.208086001731362,1,0.817225689692984,1,"Sent_RAND_219",FALSE
0.136361233965266,0.522231358523273,0.725308957074082,0.208086001731362,0,-0.193429079067621,0,"Sent_RAND_721",FALSE
0.127817239525086,0.328689034535327,-0.527719845457212,-0.493130296669466,0,0.983792399911881,0,"Rcap_RAND_275",FALSE
0.127817239525086,0.323789228864746,0.725308957074082,0.208086001731362,1,-0.193429079067621,1,"Sent_RAND_117",FALSE
0.120554844250932,0.754972127875867,-0.424326506152075,0.208086001731362,0,-0.193429079067621,0,"Spy_RAND_130",FALSE
0.115001247864815,0.311539714688294,-1.73643721685773,0.144339065513105,0,-0.193429079067621,1,"Sent_RAND_727",FALSE
0.102185256204544,0.394836411088169,0.725308957074082,0.208086001731362,0,-0.193429079067621,0,"Spy_RAND_277",FALSE
1.10183260570568,0.279690977829518,0.5874511713339,0.208086001731362,1,-0.193429079067621,1,"Spy_RAND_421",FALSE
0.0936412617643631,0.323789228864746,0.725308957074082,0.208086001731362,0,-0.193429079067621,0,"Sent_RAND_792",FALSE
0.0893692645442729,-1.93012137960248,0.725308957074082,0.208086001731362,1,-0.193429079067621,1,"Rcap_RAND_294",FALSE
0.0850972673241825,-1.93012137960248,0.725308957074082,0.208086001731362,1,-0.193429079067621,1,"Rcap_RAND_50",FALSE
0.0850972673241825,0.583478929405535,0.725308957074082,0.208086001731362,1,-0.193429079067621,1,"Rcap_RAND_417",FALSE
0.0680092784438213,0.549180289711469,-1.17762083537521,0.208086001731362,1,-0.193429079067621,1,"Sent_RAND_178",FALSE
0.0594652840036407,0.605528054923149,0.725308957074082,0.208086001731362,0,-0.193429079067621,0,"Sent_RAND_499",FALSE
0.0551932867835503,-1.93012137960248,0.725308957074082,0.208086001731362,0,-0.193429079067621,0,"Sent_RAND_940",FALSE
0.0381052979031891,0.370337382735265,0.725308957074082,0.208086001731362,1,-0.193429079067621,1,"Sent_RAND_358",FALSE
0.0381052979031891,0.370337382735265,0.725308957074082,0.208086001731362,1,-0.193429079067621,1,"Sent_RAND_905",FALSE
0.0338333006830987,0.274791172158937,0.725308957074082,0.208086001731362,1,-0.193429079067621,1,"Sent_RAND_426",FALSE
0.0338333006830987,0.39728631392346,0.725308957074082,0.208086001731362,0,-0.193429079067621,0,"Sent_RAND_739",FALSE
0.0252893062429181,-1.93012137960248,0.725308957074082,0.208086001731362,1,-0.193429079067621,1,"Sent_RAND_618",FALSE
0.00820131736255678,-1.93012137960248,0.725308957074082,0.208086001731362,1,-0.193429079067621,1,"Sent_RAND_186",FALSE
0.00392932014246656,-1.93012137960248,0.725308957074082,0.208086001731362,0,-0.193429079067621,0,"Sent_RAND_140",FALSE
0.00392932014246656,0.529581067029145,0.725308957074082,0.208086001731362,1,-0.193429079067621,1,"Sent_RAND_158",FALSE
-0.0131586687378948,-1.93012137960248,0.548063232550991,0.208086001731362,1,-0.193429079067621,1,"Rcap_RAND_195",FALSE
-0.0217026631780754,0.301740103347132,0.725308957074082,0.208086001731362,0,-0.193429079067621,0,"Sent_RAND_381",FALSE
-0.0259746603981656,0.688824751323025,-0.586801753631575,0.208086001731362,1,-0.193429079067621,1,"Sent_RAND_1060",FALSE
-0.0345186548383464,0.419335439441074,0.725308957074082,-0.0229966420598199,0,-0.193429079067621,0,"Sent_RAND_127",FALSE
-0.043062649278527,-1.93012137960248,0.725308957074082,0.208086001731362,0,-0.193429079067621,0,"Rcap_RAND_6",FALSE
-0.0644226353789785,-1.93012137960248,0.725308957074082,0.208086001731362,0,-0.193429079067621,0,"Sent_RAND_486",FALSE
-0.0772386270392495,-1.93012137960248,0.725308957074082,0.208086001731362,1,-0.193429079067621,1,"Rcap_RAND_57",FALSE
-0.0815106242593397,1.04161075960485,-0.889596533025188,0.208086001731362,0,-0.00660425544372306,1,"Sent_RAND_286",FALSE
-0.0815106242593397,0.458533884805721,0.725308957074082,0.208086001731362,0,-0.193429079067621,0,"Sent_RAND_90",FALSE
-0.0900546186995203,0.44873427346456,0.725308957074082,0.208086001731362,1,-0.193429079067621,1,"Rcap_RAND_115",FALSE
-0.0985986131397011,0.360537771394103,0.725308957074082,0.208086001731362,0,-0.193429079067621,0,"Sent_RAND_570",FALSE
-0.102870610359791,-1.93012137960248,0.725308957074082,0.208086001731362,0,-0.193429079067621,0,"Rcap_RAND_95",FALSE
-0.115686602020062,-1.93012137960248,0.725308957074082,0.208086001731362,1,-0.193429079067621,1,"Sent_RAND_160",FALSE
1.07620062238514,0.264991560817775,-0.714812554676029,0.208086001731362,1,-0.193429079067621,1,"Spy_RAND_122",FALSE
-0.128502593680333,-1.93012137960248,0.725308957074082,0.208086001731362,0,-0.193429079067621,0,"Rcap_RAND_139",FALSE
-0.132347391178415,0.9264653263462,-1.73643721685773,0.208086001731362,1,-0.193429079067621,1,"Spy_RAND_427",FALSE
-0.137046588120514,0.487932718829207,0.725308957074082,0.208086001731362,0,-0.193429079067621,0,"Sent_RAND_413",FALSE
1.07620062238514,0.367887479899974,-1.73643721685773,0.208086001731362,1,-0.193429079067621,1,"Spy_RAND_39",FALSE
-0.154134577000875,-1.93012137960248,0.24773019933131,0.208086001731362,1,-0.193429079067621,1,"Rcap_RAND_340",FALSE
-0.162678571441056,0.573679318064373,0.725308957074082,0.208086001731362,1,-0.193429079067621,1,"Sent_RAND_1001",FALSE
-0.166950568661146,0.659425917299539,-1.73643721685773,0.208086001731362,1,-0.193429079067621,1,"Sent_RAND_433",FALSE
-0.171222565881236,0.71577368251122,-1.4090249757248,0.208086001731362,1,-0.193429079067621,1,"Sent_RAND_412",FALSE
-0.175494563101327,-1.93012137960248,0.725308957074082,0.208086001731362,0,-0.193429079067621,0,"Sent_RAND_552",FALSE
-0.175494563101327,0.441384564958688,0.725308957074082,0.208086001731362,1,-0.193429079067621,1,"Sent_RAND_623",FALSE
-0.188310554761598,0.605528054923149,0.725308957074082,0.208086001731362,1,-0.193429079067621,1,"Sent_RAND_239",FALSE
1.08047261960523,0.588378735076116,0.725308957074082,0.208086001731362,1,-0.193429079067621,1,"Spy_RAND_375",FALSE
-0.158406574220965,0.287040686335389,0.725308957074082,0.208086001731362,1,-0.193429079067621,1,"Sent_RAND_545",FALSE
1.06765662794495,0.260091755147194,0.725308957074082,-14.4351164720708,0,18.90321915738,0,"Spy_RAND_235",FALSE
-0.238292922236654,-1.93012137960248,0.725308957074082,0.208086001731362,0,-0.193429079067621,0,"Sent_RAND_1120",FALSE
-0.239574521402681,-1.93012137960248,0.725308957074082,0.208086001731362,1,-0.193429079067621,1,"Rcap_RAND_241",FALSE
-0.239574521402681,0.671675431475992,0.725308957074082,0.208086001731362,1,-0.193429079067621,1,"Sent_RAND_564",FALSE
-0.243846518622772,-1.93012137960248,0.725308957074082,0.208086001731362,1,-0.193429079067621,1,"Rcap_RAND_135",FALSE
-0.243846518622772,0.514881650017402,0.725308957074082,0.208086001731362,1,-0.193429079067621,1,"Sent_RAND_467",FALSE
-0.252390513062953,0.382586896911717,-0.970834156764938,0.208086001731362,1,-0.193429079067621,1,"Sent_RAND_725",FALSE
1.06338463072486,0.507531941511531,0.725308957074082,0.208086001731362,1,1.59153580206191,1,"Rcap_RAND_322",FALSE
1.35388044169101,0.380136994076427,0.725308957074082,0.125746209116113,1,0.0271592668979453,0,"Sent_RAND_766",FALSE
1.06338463072486,0.353188062888232,-1.51488006120387,0.208086001731362,1,-0.193429079067621,1,"Spy_RAND_437",FALSE
-0.273750499163404,-1.93012137960248,0.725308957074082,-3.436113852079,0,0.616895457132419,1,"Rcap_RAND_39",FALSE
-0.278022496383494,-1.93012137960248,0.725308957074082,0.208086001731362,1,-0.193429079067621,1,"Rcap_RAND_352",FALSE
-0.282294493603584,0.571229415229083,0.725308957074082,0.208086001731362,0,-0.193429079067621,0,"Sent_RAND_54",FALSE
-0.286566490823675,-1.93012137960248,0.725308957074082,0.208086001731362,0,-0.193429079067621,0,"Rcap_RAND_221",FALSE
-0.286566490823675,-1.93012137960248,-0.931446217982029,0.208086001731362,1,-0.193429079067621,1,"Rcap_RAND_183",FALSE
-0.298100883317919,0.438934662123398,0.725308957074082,0.208086001731362,1,-0.193429079067621,1,"Rcap_RAND_308",FALSE
-0.301091281371982,0.870117561134519,0.725308957074082,0.208086001731362,1,-0.193429079067621,1,"Rcap_RAND_125",FALSE
1.05911263350477,0.375237188405846,0.183724798809083,0.208086001731362,1,-0.193429079067621,1,"Spy_RAND_198",FALSE
-0.312198474144217,0.460983787641012,0.725308957074082,0.0832482516372753,0,-0.0358659748065023,1,"Sent_RAND_52",FALSE
-0.329286463024578,-1.93012137960248,0.725308957074082,0.208086001731362,0,-0.193429079067621,0,"Rcap_RAND_329",FALSE
-0.333558460244668,-1.93012137960248,0.725308957074082,0.208086001731362,0,-0.193429079067621,0,"Rcap_RAND_228",FALSE
-0.333558460244668,-1.93012137960248,0.725308957074082,0.208086001731362,0,-0.193429079067621,0,"Rcap_RAND_397",FALSE
-0.333558460244668,0.791720670405224,0.725308957074082,0.208086001731362,1,-0.193429079067621,1,"Sent_RAND_352",FALSE
-0.337830457464759,-1.93012137960248,0.725308957074082,0.208086001731362,0,-0.0516222852326142,1,"Sent_RAND_369",FALSE
-0.35064644912503,0.316439520358875,0.725308957074082,-14.82822257875,0,3.94822966151036,0,"Spy_RAND_417",FALSE
-0.35491844634512,0.274791172158937,0.725308957074082,0.208086001731362,1,-0.193429079067621,1,"Sent_RAND_375",FALSE
-0.3634624407853,-1.93012137960248,0.725308957074082,0.208086001731362,1,-0.193429079067621,1,"Rcap_RAND_244",FALSE
1.05056863906459,0.551630192546759,-1.54195926911712,0.208086001731362,1,-0.193429079067621,1,"Spy_RAND_399",FALSE
-0.372006435225481,0.941164743357943,0.725308957074082,0.13902682082825,1,-0.193429079067621,0,"Sent_RAND_383",FALSE
-0.384822426885752,0.786820864734643,0.725308957074082,0.208086001731362,0,-0.193429079067621,0,"Sent_RAND_13",FALSE
-0.389094424105842,-1.93012137960248,0.725308957074082,0.208086001731362,1,-0.193429079067621,1,"Rcap_RAND_334",FALSE
-0.389094424105842,0.365437577064684,-0.183075381106758,0.208086001731362,1,-0.193429079067621,1,"Sent_RAND_844",FALSE
-0.372006435225481,0.742722613699415,0.725308957074082,0.208086001731362,1,-0.193429079067621,1,"Sent_RAND_1109",FALSE
-0.418998404646475,0.573679318064373,-1.54195926911712,0.208086001731362,0,-0.193429079067621,0,"Sent_RAND_1111",FALSE
-0.423270401866565,0.720673488181801,0.725308957074082,0.208086001731362,0,-0.193429079067621,0,"Sent_RAND_1114",FALSE
-0.431814396306746,0.331138937370617,0.725308957074082,0.208086001731362,1,-0.193429079067621,1,"Sent_RAND_580",FALSE
-0.448902385187107,-1.93012137960248,0.725308957074082,0.208086001731362,0,-0.193429079067621,0,"Rcap_RAND_395",FALSE
-0.461718376847378,-1.93012137960248,0.725308957074082,0.208086001731362,1,-0.193429079067621,1,"Rcap_RAND_74",FALSE
1.04202464462441,0.546730386876178,0.725308957074082,0.208086001731362,1,-0.193429079067621,1,"Spy_RAND_352",FALSE
-0.470262371287558,0.392386508252879,0.725308957074082,0.208086001731362,0,-0.193429079067621,0,"Rcap_RAND_410",FALSE
-0.474534368507649,0.674125334311282,0.725308957074082,0.208086001731362,0,-0.193429079067621,0,"Spy_RAND_425",FALSE
1.04202464462441,0.532030969864435,0.725308957074082,0.208086001731362,0,-0.193429079067621,0,"Sent_RAND_1026",FALSE
-0.478806365727739,0.779471156228772,-1.73643721685773,0.208086001731362,1,0.159962454775174,1,"Sent_RAND_864",FALSE
-0.483078362947829,0.269891366488356,0.725308957074082,0.208086001731362,1,0.337783672441294,0,"Sent_RAND_544",FALSE
-0.48735036016792,0.29194049200597,0.725308957074082,0.208086001731362,0,-0.193429079067621,0,"Sent_RAND_1118",FALSE
-0.500166351828191,-1.93012137960248,0.725308957074082,0.208086001731362,0,-0.193429079067621,0,"Rcap_RAND_387",FALSE
-0.530070332368823,0.590828637911406,0.725308957074082,0.208086001731362,1,-0.193429079067621,1,"Sent_RAND_781",FALSE
-0.534342329588913,0.747622419369996,0.725308957074082,0.208086001731362,0,-0.193429079067621,0,"Sent_RAND_952",FALSE
1.03775264740432,-1.93012137960248,0.725308957074082,0.208086001731362,0,0.884752734376321,0,"Rcap_RAND_8",FALSE
-0.547158321249184,-1.93012137960248,-1.23424099737564,-0.602031312708988,0,-0.193429079067621,0,"Rcap_RAND_105",FALSE
-0.551430318469274,0.622677374770182,-1.56411498468251,0.208086001731362,1,0.310772854567959,1,"Sent_RAND_416",FALSE
1.38378442223164,0.438934662123398,-1.73643721685773,-0.0176843973749651,0,-0.193429079067621,0,"Spy_RAND_161",FALSE
-0.572790304569726,1.32334958566325,0.725308957074082,0.0301258047887277,1,0.497597678191857,0,"Sent_RAND_758",FALSE
-0.577062301789816,0.698624362664187,0.725308957074082,0.208086001731362,0,-0.193429079067621,0,"Sent_RAND_830",FALSE
1.03348065018423,0.279690977829518,0.725308957074082,0.208086001731362,1,-0.170920064173176,1,"Sent_RAND_9",FALSE
1.02963585268615,0.28949058917068,-1.57396196937823,0.208086001731362,0,-0.193429079067621,0,"Sent_RAND_472",FALSE
-0.589878293450087,0.39973621675875,0.725308957074082,0.208086001731362,0,-0.193429079067621,0,"Sent_RAND_959",FALSE
-0.607820681774467,0.389936605417589,0.589912917507832,0.208086001731362,0,-0.193429079067621,1,"Sent_RAND_519",FALSE
-0.611238279550539,-1.93012137960248,0.725308957074082,0.208086001731362,1,-0.193429079067621,1,"Rcap_RAND_432",FALSE
1.02920865296414,0.348288257217651,-0.586801753631575,0.208086001731362,0,-0.193429079067621,0,"Spy_RAND_265",FALSE
-0.619782273990719,0.279690977829518,0.725308957074082,0.208086001731362,1,-0.193429079067621,1,"Sent_RAND_392",FALSE
-0.633025465372999,0.848068435616905,0.725308957074082,0.208086001731362,0,-0.193429079067621,0,"Spy_RAND_82",FALSE
-0.641142260091171,-1.93012137960248,0.725308957074082,0.208086001731362,1,-0.193429079067621,1,"Rcap_RAND_437",FALSE
-0.65054065397537,0.463433690476302,0.725308957074082,-2.21960981924726,0,1.69732817206581,0,"Rcap_RAND_369",FALSE
-0.649686254531352,0.309089811853003,0.725308957074082,0.208086001731362,1,-0.193429079067621,1,"Sent_RAND_89",FALSE
1.02493665574405,0.355637965723522,-1.3007081440718,0.208086001731362,0,-0.193429079067621,0,"Spy_RAND_373",FALSE
-0.666774243411713,0.791720670405224,0.725308957074082,0.208086001731362,1,-0.193429079067621,1,"Rcap_RAND_441",FALSE
-0.675318237851894,0.605528054923149,0.725308957074082,0.208086001731362,0,-0.193429079067621,0,"Sent_RAND_214",FALSE
-0.683862232292074,0.585928832240825,0.725308957074082,0.208086001731362,1,-0.193429079067621,0,"Rcap_RAND_271",FALSE
-0.692406226732255,0.737822808028834,0.725308957074082,0.208086001731362,0,-0.14841104927873,0,"Sent_RAND_958",FALSE
-0.696678223952345,-1.93012137960248,0.725308957074082,0.208086001731362,0,-0.193429079067621,0,"Rcap_RAND_159",FALSE
1.01639266130387,0.453634079135141,-0.0501410877144396,0.0115329483917361,1,-0.193429079067621,1,"Sent_RAND_1051",FALSE
-0.726582204492977,0.730473099522963,0.725308957074082,0.208086001731362,0,0.00690115349294427,0,"Sent_RAND_222",FALSE
-0.735126198933158,0.781921059064063,-1.73643721685773,0.208086001731362,1,-0.139407443320952,1,"Sent_RAND_1056",FALSE
-0.747942190593429,-1.93012137960248,0.725308957074082,0.208086001731362,1,-0.193429079067621,1,"Rcap_RAND_80",FALSE
-0.7607581822537,0.826019310099291,0.725308957074082,0.208086001731362,0,-0.193429079067621,0,"Sent_RAND_277",FALSE
-0.7607581822537,0.571229415229083,0.725308957074082,0.208086001731362,1,-0.193429079067621,1,"Sent_RAND_26",FALSE
1.01212066408378,0.578579123734954,0.316659092201401,0.208086001731362,1,-0.193429079067621,1,"Sent_RAND_610",FALSE
-0.777846171134061,-1.93012137960248,0.725308957074082,0.208086001731362,1,0.20723138605351,1,"Rcap_RAND_243",FALSE
-0.75648618503361,0.375237188405846,0.725308957074082,0.208086001731362,1,-0.193429079067621,1,"Sent_RAND_732",FALSE
-0.807750151674693,0.603078152087859,0.725308957074082,0.208086001731362,0,-0.193429079067621,0,"Sent_RAND_118",FALSE
-0.812022148894784,-1.93012137960248,0.725308957074082,0.208086001731362,0,-0.193429079067621,0,"Rcap_RAND_217",FALSE
-0.837654132215325,0.877467269640391,0.725308957074082,0.0062207037068813,0,-0.193429079067621,1,"Sent_RAND_251",FALSE
1.00400386936561,0.362987674229393,0.725308957074082,0.208086001731362,0,-0.193429079067621,0,"Spy_RAND_269",FALSE
-0.854742121095687,1.11755774749886,0.725308957074082,0.208086001731362,0,-0.193429079067621,0,"Sent_RAND_703",FALSE
-0.859014118315777,0.434034856452817,-1.73643721685773,0.208086001731362,0,-0.193429079067621,1,"Sent_RAND_30",FALSE
1.00144067103356,0.358087868558812,-0.970834156764938,0.208086001731362,1,-0.193429079067621,1,"Sent_RAND_530",FALSE
-0.871830109976048,-1.93012137960248,0.725308957074082,0.208086001731362,0,0.630400866069086,1,"Rcap_RAND_438",FALSE
1.0035766696436,0.336038743041198,-1.14807988128803,0.208086001731362,1,-0.193429079067621,1,"Spy_RAND_99",FALSE
1.03775264740432,0.299290200511841,-1.02253082641751,0.208086001731362,1,-0.193429079067621,1,"Sent_RAND_936",FALSE
0.998877472701501,-1.93012137960248,0.725308957074082,0.208086001731362,0,-0.193429079067621,0,"Sent_RAND_974",FALSE
-0.8931900960765,-1.93012137960248,0.725308957074082,0.208086001731362,0,-0.193429079067621,0,"Rcap_RAND_282",FALSE
0.99930467242351,0.434034856452817,0.237883214635583,0.208086001731362,1,-0.193429079067621,1,"Spy_RAND_92",FALSE
0.99930467242351,0.394836411088169,-1.46564513772523,0.208086001731362,0,-0.193429079067621,0,"Sent_RAND_261",FALSE
-0.910278084956861,-1.93012137960248,0.725308957074082,0.208086001731362,0,-0.193429079067621,0,"Rcap_RAND_109",FALSE
1.03775264740432,0.282140880664808,-0.754200493458938,0.208086001731362,1,-0.193429079067621,1,"Sent_RAND_818",FALSE
-0.935910068277403,0.55652999821734,0.725308957074082,0.208086001731362,1,-0.0448695807642805,0,"Rcap_RAND_429",FALSE
-0.944454062717583,0.473233301817464,0.200957022026606,0.208086001731362,1,-0.193429079067621,1,"Sent_RAND_1102",FALSE
-0.952998057157764,1.10040842765182,-1.66504657781371,0.208086001731362,1,-0.193429079067621,1,"Sent_RAND_138",FALSE
0.990760677983329,0.519781455687983,0.725308957074082,0.208086001731362,0,-0.193429079067621,0,"Spy_RAND_167",FALSE
-0.974358043258216,0.828469212934581,-0.313547928325144,0.208086001731362,1,-0.193429079067621,1,"Spy_RAND_446",FALSE
-0.996999628524694,1.0293612454284,0.725308957074082,0.208086001731362,0,-0.193429079067621,0,"Sent_RAND_984",FALSE
-1.02733080878734,-1.93012137960248,0.725308957074082,0.208086001731362,0,-0.193429079067621,0,"Rcap_RAND_116",FALSE
-1.02989400711939,0.92891522918149,0.725308957074082,0.208086001731362,0,-0.193429079067621,0,"Sent_RAND_716",FALSE
0.986488680763239,0.534480872699726,0.725308957074082,-0.801240488391042,1,-0.159665556725953,1,"Sent_RAND_400",FALSE
-1.04270999877966,0.576129220899664,0.725308957074082,0.208086001731362,0,-0.193429079067621,0,"Sent_RAND_829",FALSE
-1.04698199599975,0.649626305958378,0.725308957074082,0.0168451930765908,0,-0.193429079067621,0,"Rcap_RAND_347",FALSE
-1.05552599043993,0.852968241287486,0.725308957074082,0.208086001731362,0,-0.193429079067621,0,"Sent_RAND_964",FALSE
-1.06406998488011,0.411985730935203,0.725308957074082,0.208086001731362,1,-0.193429079067621,1,"Sent_RAND_868",FALSE
-1.08542997098056,0.82111950442871,0.725308957074082,0.20011763470408,0,-0.166418261194286,1,"Rcap_RAND_440",FALSE
0.982216683543149,0.340938548711779,0.725308957074082,0.208086001731362,0,-0.193429079067621,0,"Sent_RAND_24",FALSE
0.977944686323058,0.272341269323646,0.725308957074082,0.208086001731362,0,-0.193429079067621,0,"Sent_RAND_208",FALSE
-1.09824596264083,0.546730386876178,0.725308957074082,0.208086001731362,0,-0.193429079067621,0,"Sent_RAND_845",FALSE
-1.10678995708102,0.81866960159342,-1.06684225754828,0.208086001731362,1,-0.193429079067621,1,"Sent_RAND_365",FALSE
-1.11148915402311,0.87256746396981,0.619453871595014,0.208086001731362,0,-0.193429079067621,0,"Sent_RAND_722",FALSE
-1.14523793206183,-1.93012137960248,0.725308957074082,0.208086001731362,1,-0.193429079067621,1,"Rcap_RAND_336",FALSE
-1.14523793206183,0.524681261358564,0.725308957074082,0.208086001731362,1,-0.193429079067621,1,"Sent_RAND_790",FALSE
-1.17514191260246,-1.93012137960248,-1.41887196042053,0.208086001731362,1,-0.193429079067621,1,"Rcap_RAND_428",FALSE
-1.17514191260246,1.01956163408724,-0.448943967891393,0.208086001731362,1,-0.193429079067621,1,"Spy_RAND_250",FALSE
0.969400691882878,-1.93012137960248,0.725308957074082,0.208086001731362,0,-0.193429079067621,0,"Sent_RAND_579",FALSE
0.969400691882878,0.669225528640701,0.725308957074082,0.208086001731362,0,-0.193429079067621,0,"Sent_RAND_583",FALSE
-1.21358988758327,0.299290200511841,0.725308957074082,0.208086001731362,0,-0.193429079067621,0,"Rcap_RAND_26",FALSE
-1.18368590704264,0.500182233005659,0.725308957074082,0.208086001731362,1,0.0136538579612779,1,"Sent_RAND_264",FALSE
-1.22213388202345,0.696174459828896,0.725308957074082,0.208086001731362,0,-0.193429079067621,0,"Sent_RAND_164",FALSE
-1.23922187090381,-1.93012137960248,0.725308957074082,0.208086001731362,1,-0.193429079067621,1,"Rcap_RAND_256",FALSE
-1.23922187090381,0.583478929405535,0.725308957074082,0.208086001731362,0,-0.193429079067621,0,"Sent_RAND_159",FALSE
-1.26058185700427,0.380136994076427,0.397896715941151,0.208086001731362,0,-0.193429079067621,0,"Sent_RAND_630",FALSE
0.960856697442697,-1.93012137960248,0.245268453157378,0.0168451930765908,0,-0.193429079067621,0,"Sent_RAND_321",FALSE
0.960856697442697,0.274791172158937,0.725308957074082,0.208086001731362,0,-0.193429079067621,0,"Sent_RAND_643",FALSE
-1.2904858375449,-1.93012137960248,0.725308957074082,0.136370698485823,0,0.803720280756317,1,"Rcap_RAND_250",FALSE
-1.26912585144445,0.654526111628958,0.725308957074082,0.208086001731362,0,-0.193429079067621,0,"Sent_RAND_406",FALSE
0.960856697442697,0.536930775535016,0.725308957074082,0.208086001731362,1,-0.0763822016165043,1,"Spy_RAND_86",FALSE
0.956584700222607,0.546730386876178,0.725308957074082,0.208086001731362,1,-0.193429079067621,1,"Sent_RAND_906",FALSE
-1.3191082189195,0.772121447722901,-1.73643721685773,0.208086001731362,1,-0.159665556725953,0,"Sent_RAND_625",FALSE
-1.35029379862616,0.649626305958378,0.725308957074082,0.208086001731362,1,-0.193429079067621,1,"Sent_RAND_1016",FALSE
-1.35456579584625,-1.93012137960248,0.725308957074082,0.208086001731362,0,-0.193429079067621,0,"Rcap_RAND_218",FALSE
0.948040705782426,0.465883593311593,0.725308957074082,0.208086001731362,0,-0.193429079067621,0,"Sent_RAND_992",FALSE
-1.4229177513677,-1.93012137960248,0.725308957074082,0.208086001731362,0,-0.193429079067621,0,"Rcap_RAND_71",FALSE
-1.4229177513677,0.764771739217029,-1.19485305859273,0.208086001731362,1,-0.193429079067621,1,"Rcap_RAND_35",FALSE
0.943768708562336,0.590828637911406,0.725308957074082,0.208086001731362,0,-0.193429079067621,0,"Rcap_RAND_270",FALSE
-1.44854973468824,0.287040686335389,-1.73643721685773,-6.14801476369735,0,8.40276370912114,1,"Rcap_RAND_293",FALSE
-1.47845371522887,-1.93012137960248,0.725308957074082,0.208086001731362,0,-0.193429079067621,0,"Rcap_RAND_81",FALSE
0.952312703002516,0.529581067029145,0.725308957074082,0.208086001731362,1,-0.193429079067621,1,"Sent_RAND_395",FALSE
0.935224714122155,-1.93012137960248,0.725308957074082,0.208086001731362,0,-0.193429079067621,0,"Sent_RAND_1119",FALSE
-1.54253367353023,-1.93012137960248,0.725308957074082,0.208086001731362,1,-0.193429079067621,1,"Rcap_RAND_161",FALSE
-1.52544568464987,0.416885536605784,0.725308957074082,0.208086001731362,1,-0.193429079067621,1,"Sent_RAND_198",FALSE
-1.58098164851104,-1.93012137960248,0.725308957074082,0.208086001731362,0,-0.193429079067621,0,"Rcap_RAND_173",FALSE
-1.59379764017131,0.50508203867624,0.725308957074082,-0.145178269811479,1,0.515604890107414,0,"Rcap_RAND_126",FALSE
0.924971920793938,0.652076208793668,-0.542490322500802,0.208086001731362,1,-0.193429079067621,1,"Spy_RAND_140",FALSE
0.924971920793938,0.28949058917068,-1.26870544381069,0.208086001731362,1,-0.193429079067621,1,"Spy_RAND_149",FALSE
-1.63224561515212,-1.93012137960248,0.725308957074082,0.208086001731362,1,-0.193429079067621,1,"Rcap_RAND_177",FALSE
-1.71725835983192,0.985262994393171,0.725308957074082,0.208086001731362,0,-0.193429079067621,0,"Sent_RAND_500",FALSE
-1.7305015512142,-1.93012137960248,0.725308957074082,0.208086001731362,0,-0.193429079067621,0,"Rcap_RAND_384",FALSE
0.918136725241794,0.500182233005659,0.725308957074082,-0.0973680676477864,1,-0.0988912165109498,1,"Sent_RAND_488",FALSE
0.913864728021704,0.269891366488356,-1.66750832398764,0.208086001731362,0,-0.0426186792748359,0,"Sent_RAND_1045",FALSE
-1.78176551785529,0.463433690476302,-1.73643721685773,0.208086001731362,1,-0.193429079067621,0,"Sent_RAND_175",FALSE
0.905320733581523,0.483032913158626,0.725308957074082,0.208086001731362,0,-0.193429079067621,0,"Sent_RAND_474",FALSE
-1.85011747337673,1.21310395807518,0.725308957074082,0.208086001731362,0,-0.193429079067621,1,"Sent_RAND_685",FALSE
0.905320733581523,0.284590783500099,0.725308957074082,0.208086001731362,1,-0.193429079067621,1,"Spy_RAND_228",FALSE
-1.87574945669727,0.370337382735265,0.725308957074082,0.0699676399251384,1,-0.193429079067621,1,"Sent_RAND_989",FALSE
-1.88301185197143,1.21800376374576,0.725308957074082,-0.880924158663863,1,-0.193429079067621,1,"Sent_RAND_1079",FALSE
0.896776739141342,-1.93012137960248,0.725308957074082,0.208086001731362,0,-0.193429079067621,0,"Rcap_RAND_100",FALSE
0.896776739141342,0.529581067029145,0.496366562898423,-0.819833344788033,1,-0.193429079067621,1,"Sent_RAND_846",FALSE
0.892504741921252,0.55652999821734,0.725308957074082,0.208086001731362,0,-0.193429079067621,0,"Rcap_RAND_13",FALSE
0.892504741921252,0.483032913158626,0.725308957074082,0.208086001731362,1,-0.193429079067621,1,"Rcap_RAND_328",FALSE
0.892504741921252,0.561429803887921,-1.73643721685773,0.208086001731362,0,-0.193429079067621,0,"Spy_RAND_204",FALSE
-1.97827738997944,-1.93012137960248,0.725308957074082,0.208086001731362,0,-0.193429079067621,0,"Rcap_RAND_338",FALSE
-1.99109338163971,-1.93012137960248,0.725308957074082,0.208086001731362,0,-0.193429079067621,0,"Rcap_RAND_20",FALSE
0.888232744701162,-1.93012137960248,0.725308957074082,0.208086001731362,0,-0.193429079067621,0,"Rcap_RAND_58",FALSE
0.888232744701162,0.475683204652755,-0.512949368413621,0.208086001731362,1,-0.193429079067621,1,"Spy_RAND_255",FALSE
-2.00390937329998,0.666775625805411,0.725308957074082,0.208086001731362,1,-0.193429079067621,1,"Sent_RAND_194",FALSE
0.883960747481071,0.483032913158626,0.725308957074082,0.208086001731362,1,-0.193429079067621,1,"Sent_RAND_58",FALSE
0.883960747481071,0.45118417629985,0.511137039942014,0.208086001731362,1,-0.193429079067621,1,"Spy_RAND_416",FALSE
-2.0850773204817,0.262541657982484,0.720385464726218,0.208086001731362,0,-0.193429079067621,0,"Sent_RAND_753",FALSE
-2.08934931770179,0.355637965723522,0.00647907428599218,0.208086001731362,1,-0.193429079067621,1,"Sent_RAND_872",FALSE
-2.09789331214197,-1.93012137960248,-0.754200493458938,0.208086001731362,1,-0.193429079067621,1,"Rcap_RAND_402",FALSE
0.879688750260981,0.306639909017713,0.725308957074082,0.208086001731362,0,-0.193429079067621,0,"Sent_RAND_373",FALSE
-2.14061328434287,0.833369018605162,0.725308957074082,0.208086001731362,1,-0.193429079067621,0,"Sent_RAND_980",FALSE
0.909592730801613,0.301740103347132,0.725308957074082,0.208086001731362,0,-0.193429079067621,0,"Spy_RAND_338",FALSE
-2.16197327044332,-1.93012137960248,0.725308957074082,0.208086001731362,0,-0.193429079067621,0,"Rcap_RAND_42",FALSE
-2.17478926210359,0.855418144122776,0.725308957074082,0.208086001731362,0,-0.193429079067621,0,"Sent_RAND_75",FALSE
-2.19187725098396,-1.93012137960248,0.725308957074082,0.208086001731362,0,-0.193429079067621,0,"Rcap_RAND_416",FALSE
-2.27731719538576,0.29439039484126,0.725308957074082,0.208086001731362,0,-0.193429079067621,0,"Sent_RAND_399",FALSE
-2.3029491787063,-1.93012137960248,0.725308957074082,0.208086001731362,0,-0.193429079067621,0,"Rcap_RAND_66",FALSE
-2.32430916480676,0.524681261358564,0.725308957074082,0.208086001731362,0,-0.193429079067621,0,"Sent_RAND_189",FALSE
-2.33285315924694,1.09305871914595,0.725308957074082,0.208086001731362,1,-0.193429079067621,1,"Sent_RAND_1097",FALSE
0.854056766940439,0.414435633770493,0.725308957074082,0.208086001731362,1,-0.193429079067621,1,"Sent_RAND_115",FALSE
0.849784769720349,0.475683204652755,0.725308957074082,0.208086001731362,1,-0.193429079067621,1,"Sent_RAND_468",FALSE
0.849784769720349,0.299290200511841,0.725308957074082,0.208086001731362,0,-0.193429079067621,0,"Sent_RAND_688",FALSE
-2.45674107862955,0.816219698758129,0.725308957074082,0.208086001731362,1,-0.193429079067621,1,"Sent_RAND_967",FALSE
-2.45674107862955,1.13715697018118,0.725308957074082,0.208086001731362,0,-0.193429079067621,0,"Sent_RAND_629",FALSE
0.84038637583615,0.473233301817464,0.284656391940287,-0.254079285851002,1,-0.170920064173176,0,"Sent_RAND_405",FALSE
-2.50373304805055,0.916665715005038,-1.45825989920344,0.208086001731362,1,-0.193429079067621,1,"Sent_RAND_1113",FALSE
0.841240775280168,0.277241074994227,-1.73643721685773,-5.93818109864559,1,-0.193429079067621,0,"Spy_RAND_248",FALSE
0.836968778060078,0.458533884805721,0.725308957074082,0.208086001731362,1,-0.193429079067621,1,"Sent_RAND_1086",FALSE
-2.52082103693091,0.262541657982484,0.725308957074082,0.208086001731362,0,-0.193429079067621,0,"Sent_RAND_640",FALSE
0.832696780839988,0.443834467793979,0.725308957074082,0.208086001731362,1,-0.193429079067621,1,"Sent_RAND_1020",FALSE
-2.56354100913181,0.762321836381739,0.725308957074082,0.208086001731362,0,-0.193429079067621,1,"Sent_RAND_490",FALSE
-2.57208500357199,1.15920609569879,0.725308957074082,0.208086001731362,1,-0.193429079067621,1,"Sent_RAND_387",FALSE
-2.58917299245235,0.92891522918149,0.725308957074082,0.208086001731362,1,-0.193429079067621,1,"Sent_RAND_435",FALSE
0.828424783619897,0.269891366488356,0.725308957074082,0.208086001731362,0,-0.193429079067621,0,"Sent_RAND_695",FALSE
0.86687275860071,0.296840297676551,-0.584340007457643,-4.9102617521262,1,9.78706812512954,0,"Rcap_RAND_235",FALSE
0.828424783619897,0.55652999821734,0.296965122809946,0.208086001731362,0,-0.193429079067621,0,"Spy_RAND_270",FALSE
0.828424783619897,0.708423974005349,-1.12100067337478,0.208086001731362,1,-0.193429079067621,1,"Spy_RAND_129",FALSE
-2.66179694519389,1.04161075960485,0.725308957074082,0.208086001731362,1,-0.193429079067621,1,"Sent_RAND_738",FALSE
0.824152786399807,0.549180289711469,0.725308957074082,0.208086001731362,0,-0.193429079067621,0,"Sent_RAND_698",FALSE
0.819880789179717,0.71577368251122,-1.73643721685773,0.208086001731362,0,-0.193429079067621,0,"Spy_RAND_222",FALSE
0.815608791959626,0.536930775535016,0.725308957074082,0.208086001731362,1,-0.193429079067621,1,"Sent_RAND_1014",FALSE
0.824152786399807,0.45118417629985,-0.89205827919912,0.208086001731362,0,-0.193429079067621,0,"Spy_RAND_95",FALSE
-2.80704485067696,0.287040686335389,-0.734506524067484,0.208086001731362,1,-0.193429079067621,1,"Sent_RAND_1103",FALSE
0.802792800299355,0.568779512393792,-1.44348942215985,0.208086001731362,1,-0.193429079067621,1,"Spy_RAND_199",FALSE
0.794248805859175,0.272341269323646,-0.796050178415779,0.208086001731362,1,-0.193429079067621,1,"Spy_RAND_358",FALSE
0.794248805859175,0.262541657982484,-0.0452175953665759,0.208086001731362,1,-0.193429079067621,1,"Sent_RAND_972",FALSE
0.794248805859175,0.29439039484126,0.725308957074082,0.208086001731362,0,-0.193429079067621,0,"Rcap_RAND_370",FALSE
0.789976808639084,0.274791172158937,0.725308957074082,0.208086001731362,1,-0.193429079067621,1,"Spy_RAND_153",FALSE
0.789976808639084,0.590828637911406,-0.508025876065757,0.208086001731362,1,-0.193429079067621,1,"Sent_RAND_568",FALSE
0.789976808639084,0.296840297676551,0.725308957074082,0.208086001731362,1,-0.193429079067621,1,"Sent_RAND_560",FALSE
-3.02064471168148,-1.93012137960248,-1.71428150129235,0.208086001731362,1,-0.193429079067621,1,"Rcap_RAND_158",FALSE
0.785704811418994,0.419335439441074,0.725308957074082,0.208086001731362,1,-0.193429079067621,1,"Sent_RAND_1083",FALSE
